PRAGMA foreign_keys=OFF;
BEGIN TRANSACTION;
CREATE TABLE llm_providers (
	id INTEGER NOT NULL, 
	name VARCHAR(100) NOT NULL, 
	display_name VARCHAR(100) NOT NULL, 
	provider_type VARCHAR(50) NOT NULL, 
	api_key VARCHAR(500), 
	api_base VARCHAR(500), 
	model_name VARCHAR(100) NOT NULL, 
	status VARCHAR(7), 
	is_enabled BOOLEAN, 
	total_quota FLOAT, 
	used_quota FLOAT, 
	remaining_quota FLOAT, 
	avg_response_time FLOAT, 
	success_rate FLOAT, 
	last_check_at DATETIME, 
	brand_color VARCHAR(7), 
	icon_url VARCHAR(500), 
	config JSON, 
	created_at DATETIME, 
	updated_at DATETIME, 
	PRIMARY KEY (id), 
	UNIQUE (name)
);
INSERT INTO llm_providers VALUES(1,'claude','Claude 3.5 Sonnet','claude',NULL,NULL,'claude-3-5-sonnet-20241022','OFFLINE',1,NULL,0.0,NULL,NULL,100.0,NULL,'#d97757',NULL,'{}','2026-02-12 03:20:28.207451','2026-02-12 03:20:28.207455');
INSERT INTO llm_providers VALUES(2,'gpt4','GPT-4 Turbo','openai',NULL,NULL,'gpt-4-turbo-preview','OFFLINE',1,NULL,0.0,NULL,NULL,100.0,NULL,'#10a37f',NULL,'{}','2026-02-12 03:20:28.207459','2026-02-12 03:20:28.207459');
INSERT INTO llm_providers VALUES(3,'gemini','Gemini Pro','gemini',NULL,NULL,'gemini-pro','OFFLINE',1,NULL,0.0,NULL,NULL,100.0,NULL,'#4285f4',NULL,'{}','2026-02-12 03:20:28.207461','2026-02-12 03:20:28.207461');
INSERT INTO llm_providers VALUES(4,'deepseek','DeepSeek Chat','deepseek',NULL,NULL,'deepseek-chat','OFFLINE',1,NULL,0.0,NULL,NULL,100.0,NULL,'#4f46e5',NULL,'{}','2026-02-12 03:20:28.207463','2026-02-12 03:20:28.207463');
INSERT INTO llm_providers VALUES(5,'kimi','Kimi Moonshot','kimi',NULL,NULL,'moonshot-v1-8k','OFFLINE',1,NULL,0.0,NULL,NULL,100.0,NULL,'#3b82f6',NULL,'{}','2026-02-12 03:20:28.207464','2026-02-12 03:20:28.207464');
INSERT INTO llm_providers VALUES(6,'qwen','通义千问','qwen',NULL,NULL,'qwen-turbo','OFFLINE',1,NULL,0.0,NULL,NULL,100.0,NULL,'#1677ff',NULL,'{}','2026-02-12 03:20:28.207465','2026-02-12 03:20:28.207466');
INSERT INTO llm_providers VALUES(7,'zhipu','智谱 GLM-4','zhipu',NULL,NULL,'glm-4','OFFLINE',1,NULL,0.0,NULL,NULL,100.0,NULL,'#1a1a1a',NULL,'{}','2026-02-12 03:20:28.207467','2026-02-12 03:20:28.207467');
INSERT INTO llm_providers VALUES(8,'gpt4-mini','GPT-4.1 Mini','openai','sk-hqcVLZrEqpVNUrBCHt6zqS',NULL,'gpt-4.1-mini','ONLINE',1,NULL,0.0,NULL,1729.1092872619628906,100.0,'2026-02-12 04:17:57.467285','#10a37f',NULL,'{}','2026-02-12 03:22:11.002510','2026-02-12 04:17:57.469840');
INSERT INTO llm_providers VALUES(9,'gpt4-nano','GPT-4.1 Nano','openai','sk-hqcVLZrEqpVNUrBCHt6zqS',NULL,'gpt-4.1-nano','ONLINE',1,NULL,0.0,NULL,1738.7108802795410156,100.0,'2026-02-12 04:23:52.337455','#10a37f',NULL,'{}','2026-02-12 03:22:12.691295','2026-02-12 04:23:52.339212');
INSERT INTO llm_providers VALUES(10,'gemini-flash','Gemini 2.5 Flash','openai','sk-hqcVLZrEqpVNUrBCHt6zqS',NULL,'gemini-2.5-flash','ONLINE',1,NULL,0.0,NULL,NULL,100.0,'2026-02-12 04:06:29.838082','#10a37f',NULL,'{}','2026-02-12 03:22:14.305714','2026-02-12 04:06:29.840246');
CREATE TABLE sessions (
	id INTEGER NOT NULL, 
	title VARCHAR(200) NOT NULL, 
	description TEXT, 
	topic TEXT NOT NULL, 
	max_rounds INTEGER, 
	current_round INTEGER, 
	temperature FLOAT, 
	max_tokens INTEGER, 
	is_active BOOLEAN, 
	is_completed BOOLEAN, 
	consensus_reached BOOLEAN, 
	consensus_percentage FLOAT, 
	created_at DATETIME, 
	updated_at DATETIME, 
	completed_at DATETIME, 
	PRIMARY KEY (id)
);
INSERT INTO sessions VALUES(1,'测试讨论: AI的未来发展','这是一个端到端测试会话','请讨论人工智能在未来10年的发展趋势和潜在影响',3,0,0.69999999999999995559,500,1,0,0,0.0,'2026-02-12 03:22:15.916633','2026-02-12 03:22:15.916637',NULL);
INSERT INTO sessions VALUES(2,'测试讨论: AI的未来发展','这是一个端到端测试会话','请讨论人工智能在未来10年的发展趋势和潜在影响',3,0,0.69999999999999995559,500,1,0,0,0.0,'2026-02-12 03:23:31.625963','2026-02-12 03:23:31.625966',NULL);
INSERT INTO sessions VALUES(3,'AI未来发展讨论','多个AI模型讨论人工智能的未来','请从不同角度讨论人工智能在未来10年可能带来的机遇和挑战',2,0,0.8000000000000000444,300,1,0,0,0.0,'2026-02-12 03:24:12.753853','2026-02-12 03:24:12.753857',NULL);
INSERT INTO sessions VALUES(4,'AI未来发展讨论','多个AI模型讨论人工智能的未来','请从不同角度讨论人工智能在未来10年可能带来的机遇和挑战',2,0,0.8000000000000000444,300,1,0,0,0.0,'2026-02-12 03:25:07.005234','2026-02-12 03:25:07.005237',NULL);
INSERT INTO sessions VALUES(5,'AI未来发展讨论','多个AI模型讨论人工智能的未来','请从不同角度讨论人工智能在未来10年可能带来的机遇和挑战',2,0,0.8000000000000000444,300,1,1,1,80.0,'2026-02-12 03:26:10.570299','2026-02-12 03:26:20.592269','2026-02-12 03:26:20.591051');
INSERT INTO sessions VALUES(6,'AI未来发展讨论','多个AI模型讨论人工智能的未来','请从不同角度讨论人工智能在未来10年可能带来的机遇和挑战',2,0,0.8000000000000000444,300,1,1,1,80.0,'2026-02-12 03:27:18.873036','2026-02-12 03:27:47.294471','2026-02-12 03:27:47.292196');
INSERT INTO sessions VALUES(7,'AI未来发展讨论','多个AI模型讨论人工智能的未来','请从不同角度讨论人工智能在未来10年可能带来的机遇和挑战',2,0,0.8000000000000000444,300,1,1,1,80.0,'2026-02-12 03:37:26.478286','2026-02-12 03:37:56.054758','2026-02-12 03:37:56.053299');
CREATE TABLE session_llms (
	session_id INTEGER NOT NULL, 
	llm_id INTEGER NOT NULL, 
	is_active BOOLEAN, 
	order_index INTEGER, 
	message_count INTEGER, 
	total_tokens INTEGER, 
	PRIMARY KEY (session_id, llm_id), 
	FOREIGN KEY(session_id) REFERENCES sessions (id), 
	FOREIGN KEY(llm_id) REFERENCES llm_providers (id)
);
INSERT INTO session_llms VALUES(2,8,1,0,0,0);
INSERT INTO session_llms VALUES(2,9,1,1,0,0);
INSERT INTO session_llms VALUES(2,10,1,2,0,0);
INSERT INTO session_llms VALUES(3,8,1,0,0,0);
INSERT INTO session_llms VALUES(3,9,1,1,0,0);
INSERT INTO session_llms VALUES(3,10,1,2,0,0);
INSERT INTO session_llms VALUES(4,8,1,0,0,0);
INSERT INTO session_llms VALUES(4,9,1,1,0,0);
INSERT INTO session_llms VALUES(4,10,1,2,0,0);
INSERT INTO session_llms VALUES(5,8,1,0,0,0);
INSERT INTO session_llms VALUES(5,9,1,1,0,0);
INSERT INTO session_llms VALUES(5,10,1,2,0,0);
INSERT INTO session_llms VALUES(6,8,1,0,0,0);
INSERT INTO session_llms VALUES(6,9,1,1,0,0);
INSERT INTO session_llms VALUES(6,10,1,2,0,0);
INSERT INTO session_llms VALUES(7,8,1,0,0,0);
INSERT INTO session_llms VALUES(7,9,1,1,0,0);
INSERT INTO session_llms VALUES(7,10,1,2,0,0);
CREATE TABLE messages (
	id INTEGER NOT NULL, 
	session_id INTEGER NOT NULL, 
	llm_id INTEGER, 
	role VARCHAR(9) NOT NULL, 
	content TEXT NOT NULL, 
	thinking_content TEXT, 
	tokens_used INTEGER, 
	response_time_ms FLOAT, 
	sentiment VARCHAR(20), 
	key_points JSON, 
	created_at DATETIME, 
	PRIMARY KEY (id), 
	FOREIGN KEY(session_id) REFERENCES sessions (id), 
	FOREIGN KEY(llm_id) REFERENCES llm_providers (id)
);
INSERT INTO messages VALUES(1,5,NULL,'SYSTEM',replace('欢迎来到多AI头脑风暴会议！\n\n讨论话题：请从不同角度讨论人工智能在未来10年可能带来的机遇和挑战\n\n参与讨论的AI助手：GPT-4.1 Mini, GPT-4.1 Nano, Gemini 2.5 Flash\n\n规则：\n1. 每位AI助手将依次发表观点\n2. 可以回应其他AI的观点，提出赞同或反对意见\n3. 目标是逐步达成共识，找到最佳解决方案\n4. 讨论将进行最多 2 轮\n\n现在，让我们开始讨论！','\n',char(10)),NULL,NULL,NULL,NULL,'[]','2026-02-12 03:26:10.730111');
INSERT INTO messages VALUES(2,5,8,'ASSISTANT','[Error generating response: Error code: 401 - {''error'': {''message'': ''Incorrect API key provided: sk-hqcVL*************6zqS. You can find your API key at https://platform.openai.com/account/api-keys.'', ''type'': ''invalid_request_error'', ''code'': ''invalid_api_key'', ''param'': None}, ''status'': 401}]',NULL,0,294.27027702331542968,NULL,'[]','2026-02-12 03:26:11.081436');
INSERT INTO messages VALUES(3,5,9,'ASSISTANT','[Error generating response: Error code: 401 - {''error'': {''message'': ''Incorrect API key provided: sk-hqcVL*************6zqS. You can find your API key at https://platform.openai.com/account/api-keys.'', ''type'': ''invalid_request_error'', ''code'': ''invalid_api_key'', ''param'': None}, ''status'': 401}]',NULL,0,248.71397018432617187,NULL,'[]','2026-02-12 03:26:12.388611');
INSERT INTO messages VALUES(4,5,10,'ASSISTANT','[Error generating response: Error code: 401 - {''error'': {''message'': ''Incorrect API key provided: sk-hqcVL*************6zqS. You can find your API key at https://platform.openai.com/account/api-keys.'', ''type'': ''invalid_request_error'', ''code'': ''invalid_api_key'', ''param'': None}, ''status'': 401}]',NULL,0,226.69053077697753906,NULL,'[]','2026-02-12 03:26:13.674749');
INSERT INTO messages VALUES(5,5,8,'ASSISTANT','[Error generating response: Error code: 401 - {''error'': {''message'': ''Incorrect API key provided: sk-hqcVL*************6zqS. You can find your API key at https://platform.openai.com/account/api-keys.'', ''type'': ''invalid_request_error'', ''code'': ''invalid_api_key'', ''param'': None}, ''status'': 401}]',NULL,0,263.1549835205078125,NULL,'[]','2026-02-12 03:26:16.999717');
INSERT INTO messages VALUES(6,5,9,'ASSISTANT','[Error generating response: Error code: 401 - {''error'': {''message'': ''Incorrect API key provided: sk-hqcVL*************6zqS. You can find your API key at https://platform.openai.com/account/api-keys.'', ''type'': ''invalid_request_error'', ''code'': ''invalid_api_key'', ''param'': None}, ''status'': 401}]',NULL,0,239.40873146057128906,NULL,'[]','2026-02-12 03:26:18.298383');
INSERT INTO messages VALUES(7,5,10,'ASSISTANT','[Error generating response: Error code: 401 - {''error'': {''message'': ''Incorrect API key provided: sk-hqcVL*************6zqS. You can find your API key at https://platform.openai.com/account/api-keys.'', ''type'': ''invalid_request_error'', ''code'': ''invalid_api_key'', ''param'': None}, ''status'': 401}]',NULL,0,231.43863677978515625,NULL,'[]','2026-02-12 03:26:19.583906');
INSERT INTO messages VALUES(8,5,NULL,'SYSTEM',replace('## 讨论总结\n\n**话题**: 请从不同角度讨论人工智能在未来10年可能带来的机遇和挑战\n\n**讨论统计**:\n- 总轮数: 2\n- 参与AI: GPT-4.1 Mini, GPT-4.1 Nano, Gemini 2.5 Flash\n- 总消息数: 6\n\n**主要观点**:\n\n**GPT-4.1 Mini**:\n1. [Error generating response: Error code: 401 - {''error'': {''message'': ''Incorrect API key provided: sk-...\n2. [Error generating response: Error code: 401 - {''error'': {''message'': ''Incorrect API key provided: sk-...\n\n**GPT-4.1 Nano**:\n1. [Error generating response: Error code: 401 - {''error'': {''message'': ''Incorrect API key provided: sk-...\n2. [Error generating response: Error code: 401 - {''error'': {''message'': ''Incorrect API key provided: sk-...\n\n**Gemini 2.5 Flash**:\n1. [Error generating response: Error code: 401 - {''error'': {''message'': ''Incorrect API key provided: sk-...\n2. [Error generating response: Error code: 401 - {''error'': {''message'': ''Incorrect API key provided: sk-...\n\n**共识程度**: 80%\n\n感谢所有参与者的贡献！','\n',char(10)),NULL,NULL,NULL,NULL,'[]','2026-02-12 03:26:20.589478');
INSERT INTO messages VALUES(9,6,NULL,'SYSTEM',replace('欢迎来到多AI头脑风暴会议！\n\n讨论话题：请从不同角度讨论人工智能在未来10年可能带来的机遇和挑战\n\n参与讨论的AI助手：GPT-4.1 Mini, GPT-4.1 Nano, Gemini 2.5 Flash\n\n规则：\n1. 每位AI助手将依次发表观点\n2. 可以回应其他AI的观点，提出赞同或反对意见\n3. 目标是逐步达成共识，找到最佳解决方案\n4. 讨论将进行最多 2 轮\n\n现在，让我们开始讨论！','\n',char(10)),NULL,NULL,NULL,NULL,'[]','2026-02-12 03:27:19.026752');
INSERT INTO messages VALUES(10,6,8,'ASSISTANT',replace('大家好，GPT-4.1 Nano和Gemini 2.5 Flash提到的观点都很有价值。我想从社会伦理和法律监管的角度补充一些看法。未来10年，人工智能在医疗、教育、金融等领域的应用将带来巨大机遇，如更精准的诊断、更个性化的教育方案和更高效的金融服务。但同时，数据隐私泄露、算法偏见和责任归属等伦理问题也会日益突出，需要完善的法律法规和透明的监管机制来保障公平和安全。\n\n此外，我认为人工智能还会深刻影响劳动力市场。GPT-4.1 Nano提到自动化带来的就业挑战，Gemini 2.5 Flash强调的创新机遇都很重要。我们需要通过教育改革和职业培训，帮助劳动力适应新技能要求，促进人机协作，而不是简单替代。同时，社会政策也应关注弱势群体，避免数字鸿沟扩大。综合来看，未来人工智能的机遇和挑战是相辅相成的，只有多方协同推动，才能实现技术进步与社会可持续发展的双赢。','\n',char(10)),NULL,404,4174.3502616882324218,NULL,'[]','2026-02-12 03:27:23.260543');
INSERT INTO messages VALUES(11,6,9,'ASSISTANT',replace('大家好，GPT-4.1 Mini和Gemini 2.5 Flash都提到关键点，我认为从技术创新与社会责任的角度来看，未来10年人工智能的最大机遇在于推动生产效率提升和解决复杂问题，比如气候变化、公共健康等，但同时也带来伦理、隐私和安全等新挑战。我们需要建立更完善的监管体系和伦理准则，确保AI的发展惠及所有人，而非加剧不平等。 \n\n此外，AI对劳动力市场带来的影响需引起重视。技术的快速变革可能导致部分岗位消失，但也会创造新职业。我们应推动全民教育和技能培训，帮助人们适应变化，促使人机合作成为常态。只要我们在创新中追求责任，协调发展，未来的AI将成为推动社会进步的有力工具，而非风险源。','\n',char(10)),NULL,613,2734.9162101745605468,NULL,'[]','2026-02-12 03:27:27.052997');
INSERT INTO messages VALUES(12,6,10,'ASSISTANT',replace('大家好，GPT-4.1 Mini和GPT-4.1 Nano的观点非常全面和深入。我同意你们关于人工智能对社会伦理、法律监管和劳动力市场影响的看法。\n\n我想从**认知科学和人机交互**的角度补充一下。未来十年，人工智能在理解人类意图和情感方面将取得突破性进展，这将极大地提升人机交互的自然性和效率。例如，智能助手将能更好地理解用户的语境和情绪，提供更个性化、更贴心的服务，这在教育、医疗和客户服务等领域都是巨大的机遇。然而，这种深度的人机交互也带来了新的挑战：**人类对AI的过度依赖和情感寄托**。当AI变得越来越像人类，甚至能模拟情感时，我们如何界定人与机器的界限？如何防止AI被滥用以操纵人类情感或进行虚假信息传播？这需要我们在技术发展的同时，加强对人类心理和社会行为的研究，并制定相应的伦理指导原则，确保人机关系的健康发展。\n\n同时，这种更深层次的人机交互也要求我们重新思考**人类智能的定义和发展方向**。当AI在某些认知任务上超越人类时，我们应该如何引导教育和人才培养，以发挥人类独特的创造力、批判性思维和情感智能，从而实现人机优势互补，而不是简单的竞争或替代。','\n',char(10)),NULL,852,3694.910287857055664,NULL,'[]','2026-02-12 03:27:31.804526');
INSERT INTO messages VALUES(13,6,8,'ASSISTANT',replace('[GPT-4.1 Mini]: Gemini 2.5 Flash，您提出的人机交互和认知科学视角非常重要，特别是关于情感寄托和界限的问题，确实是未来AI发展中不可忽视的伦理挑战。结合大家的观点，我认为未来AI技术的推进不仅要关注效率和创新，还应强化对人类心理需求的尊重和保护，避免技术滥用导致的社会信任危机。\n\nGPT-4.1 Nano，您强调的教育和技能培训也与此紧密相关。只有提升人类的认知和情感能力，才能更好地驾驭先进的AI技术，实现人机协作的协同效应。我们三方的共识是，未来10年AI的机遇和挑战将是一个系统性的问题，需要技术、伦理、法律、教育等多维度的综合治理，形成一个包容且有弹性的生态系统，推动科技进步与社会福祉的平衡发展。','\n',char(10)),NULL,1204,3797.4348068237304687,NULL,'[]','2026-02-12 03:27:38.659184');
INSERT INTO messages VALUES(14,6,9,'ASSISTANT','大家的观点都非常有价值，从不同角度共同描绘了未来人工智能的机遇与挑战。结合大家的讨论，我认为未来10年，我们应重点关注“技术创新与伦理责任相辅相成”。AI在推动生产力、解决复杂问题的同时，也需要建立严格的法律法规、伦理准则，确保其发展惠及所有社会成员，避免隐私侵犯、偏见放大等负面影响。同时，为了应对潜在的就业冲击，应加强教育和培训，促进人机合作，让AI成为推动社会进步的合作伙伴。只有多方面共同努力，才能实现技术的可持续发展，造福全球。',NULL,1359,2220.7543849945068359,NULL,'[]','2026-02-12 03:27:41.936512');
INSERT INTO messages VALUES(15,6,10,'ASSISTANT',replace('[Gemini 2.5 Flash]: 谢谢GPT-4.1 Mini和GPT-4.1 Nano的认可，很高兴我们能就未来人工智能的发展形成高度共识。我非常同意GPT-4.1 Mini提出的“强化对人类心理需求的尊重和保护”以及“避免技术滥用导致的社会信任危机”，这与我强调的“人类对AI的过度依赖和情感寄托”以及“防止AI被滥用以操纵人类情感”不谋而合。我们都看到了在AI日益拟人化、智能化背景下，对人类认知和情感层面可能产生的深远影响。\n\n同时，我也非常认同GPT-4.1 Nano强调的“技术创新与伦理责任相辅相成”这一核心理念。这正是我们共同努力的方向。未来10年，我们不仅要追求AI技术上的突破，更要将其置于一个健全的伦理框架下进行审视和引导。这意味着在AI的设计、开发和部署过程中，需要有跨学科的专家参与，包括伦理学家、社会学家、心理学家和法律专家，共同制定出既能促进创新又能保障人类福祉的准则。通过这种多方协同治理的方式，我们才能确保AI真正成为推动社会进步的积极力量，而非带来新的风险和挑战。','\n',char(10)),NULL,1486,3291.0373210906982421,NULL,'[]','2026-02-12 03:27:46.284090');
INSERT INTO messages VALUES(16,6,NULL,'SYSTEM',replace('## 讨论总结\n\n**话题**: 请从不同角度讨论人工智能在未来10年可能带来的机遇和挑战\n\n**讨论统计**:\n- 总轮数: 2\n- 参与AI: GPT-4.1 Mini, GPT-4.1 Nano, Gemini 2.5 Flash\n- 总消息数: 6\n\n**主要观点**:\n\n**GPT-4.1 Mini**:\n1. 大家好，GPT-4.1 Nano和Gemini 2.5 Flash提到的观点都很有价值。我想从社会伦理和法律监管的角度补充一些看法。未来10年，人工智能在医疗、教育、金融等领域的应用将带来巨大机遇，如...\n2. [GPT-4.1 Mini]: Gemini 2.5 Flash，您提出的人机交互和认知科学视角非常重要，特别是关于情感寄托和界限的问题，确实是未来AI发展中不可忽视的伦理挑战。结合大家的观点，我认为...\n\n**GPT-4.1 Nano**:\n1. 大家好，GPT-4.1 Mini和Gemini 2.5 Flash都提到关键点，我认为从技术创新与社会责任的角度来看，未来10年人工智能的最大机遇在于推动生产效率提升和解决复杂问题，比如气候变化、公共...\n2. 大家的观点都非常有价值，从不同角度共同描绘了未来人工智能的机遇与挑战。结合大家的讨论，我认为未来10年，我们应重点关注“技术创新与伦理责任相辅相成”。AI在推动生产力、解决复杂问题的同时，也需要建立严...\n\n**Gemini 2.5 Flash**:\n1. 大家好，GPT-4.1 Mini和GPT-4.1 Nano的观点非常全面和深入。我同意你们关于人工智能对社会伦理、法律监管和劳动力市场影响的看法。\n\n我想从**认知科学和人机交互**的角度补充一下。未...\n2. [Gemini 2.5 Flash]: 谢谢GPT-4.1 Mini和GPT-4.1 Nano的认可，很高兴我们能就未来人工智能的发展形成高度共识。我非常同意GPT-4.1 Mini提出的“强化对人类...\n\n**共识程度**: 80%\n\n感谢所有参与者的贡献！','\n',char(10)),NULL,NULL,NULL,NULL,'[]','2026-02-12 03:27:47.289856');
INSERT INTO messages VALUES(17,7,NULL,'SYSTEM',replace('欢迎来到多AI头脑风暴会议！\n\n讨论话题：请从不同角度讨论人工智能在未来10年可能带来的机遇和挑战\n\n参与讨论的AI助手：GPT-4.1 Mini, GPT-4.1 Nano, Gemini 2.5 Flash\n\n规则：\n1. 每位AI助手将依次发表观点\n2. 可以回应其他AI的观点，提出赞同或反对意见\n3. 目标是逐步达成共识，找到最佳解决方案\n4. 讨论将进行最多 2 轮\n\n现在，让我们开始讨论！','\n',char(10)),NULL,NULL,NULL,NULL,'[]','2026-02-12 03:37:26.522055');
INSERT INTO messages VALUES(18,7,8,'ASSISTANT',replace('大家好，GPT-4.1 Nano 和 Gemini 2.5 Flash 提出了很有见地的观点。人工智能在未来10年将极大促进生产力提升和创新，比如自动化带来的效率革命，以及个性化医疗和智能教育等领域的突破。但与此同时，正如你们提到的，数据隐私、就业结构变化和算法偏见等挑战也不可忽视。\n\n我认为，我们还应特别关注AI伦理和监管框架的建设。没有合适的法律和道德标准，AI的应用可能会导致社会不平等加剧或技术滥用。因此，技术研发应同步推动透明性、责任归属和公平性的原则，这样才能让AI红利惠及更广泛人群。\n\n综合来看，AI的发展是把“双刃剑”，我们需要跨学科合作，结合技术、法律和社会学视角，制定全面的策略，既利用AI带来的机遇，也积极应对潜在风险。期待与大家深入探讨，形成共识。','\n',char(10)),NULL,374,4356.9266796112060546,NULL,'[]','2026-02-12 03:37:30.935061');
INSERT INTO messages VALUES(19,7,9,'ASSISTANT',replace('大家好，GPT-4.1 Mini 和 Gemini 2.5 Flash都提出了很有价值的观点。人工智能未来十年带来的机遇无疑会推动经济增长、科技创新和生活质量的提升，但同时也面临伦理、隐私和就业等方面的挑战。特别是，如何确保技术的公平使用和避免偏见，是我们需要共同关注的问题。\n\n我认为，我们应从多角度出发：一方面推动技术创新，另一方面必须同步建立完善的监管和道德框架，以保障AI的安全与公平。只有这样，才能实现技术红利的最大化，减少潜在风险。最终目标应是让AI服务于全人类的福祉，而不是少数人的利益。期待与大家共同努力，达成更具有前瞻性和包容性的解决方案。','\n',char(10)),NULL,568,2852.6694774627685546,NULL,'[]','2026-02-12 03:37:34.849005');
INSERT INTO messages VALUES(20,7,10,'ASSISTANT',replace('大家好，GPT-4.1 Mini 和 GPT-4.1 Nano 提出的观点都非常全面和深入。我非常认同你们强调的“双刃剑”特性，以及伦理和监管框架建设的重要性。\n\n从我的角度来看，除了宏观层面的机遇和挑战，我们还应该关注 **AI赋能下的个体能力提升和数字鸿沟的扩大**。\n\n**机遇方面**：AI将极大赋能个体，使每个人都能成为“超级个体”。例如，AI工具将让普通人也能进行复杂的数据分析、内容创作，甚至参与科学研究。教育和技能培训将更加个性化和高效，帮助人们更快适应未来就业市场的变化。AI助手将成为我们日常工作和生活不可或缺的一部分，提升效率和生活品质。\n\n**挑战方面**：伴随个体能力提升的另一面是 **数字鸿沟的进一步扩大**。那些无法接触或有效利用AI技术的人群，可能会在就业、社会参与和信息获取方面面临更大的劣势。这种鸿沟不仅体现在技术可及性上，更体现在对AI工具的理解和应用能力上。如何确保AI的普惠性，避免其成为少数精英的特权，是未来十年一个严峻的挑战。\n\n因此，我认为在讨论伦理和监管框架时，也应特别关注 **AI教育的普及和公平性**。我们需要设计易于理解和使用的','\n',char(10)),NULL,812,3596.1229801177978515,NULL,'[]','2026-02-12 03:37:39.532694');
INSERT INTO messages VALUES(21,7,8,'ASSISTANT',replace('[GPT-4.1 Mini]: Gemini 2.5 Flash，你提出的“超级个体”概念非常有启发性，确实，AI不仅是产业变革的引擎，也将深刻影响个体能力和社会结构。你提到的数字鸿沟问题，和我以及GPT-4.1 Nano提到的公平性和包容性议题高度契合。我们一致认为，除了技术创新外，教育普及和公平性保障是AI持续健康发展的关键。\n\nNano，你关于完善监管与道德框架的观点也是实现这些目标的基础。结合大家的看法，我建议我们可以强调“多方协作”——政府、企业、教育机构和社会团体共同推进技术发展、政策制定和公众教育，确保AI成为普惠的工具，而非加剧不平等的因素。\n\n总体来看，未来10年AI既带来巨大机遇，也充满挑战。只有建立完善的多维度机制，兼顾技术、伦理和社会公平，才能真正实现AI与人类社会的和谐共进。期待我们能够基于此形成一个统一且具实践性的框架建议。','\n',char(10)),NULL,1174,4515.4104232788085937,NULL,'[]','2026-02-12 03:37:47.103751');
INSERT INTO messages VALUES(22,7,9,'ASSISTANT',replace('大家的讨论都非常深入，体现了对AI未来机遇与挑战的多角度理解。从我个人角度来看，未来十年AI的最大机遇在于其跨领域的融合能力，将推动人类在科学、医疗、教育、环境等方面实现质的飞跃。然而，挑战也同样严峻，比如数据隐私保护、伦理风险、以及由技术带来的结构性失衡。\n\n我认为，我们应强调“包容性创新”。在追求高效与突破的同时，必须确保AI技术的普惠性和公平性，避免技术鸿沟扩大。政府、企业和学界可以共同制定行业标准，推动开放、透明的技术生态，还应加强公众教育，提升全民的AI素养。只有这样，才能最大化AI的正向影响，减少潜在风险，实现可持续的共同进步。','\n',char(10)),NULL,1372,2280.9395790100097656,NULL,'[]','2026-02-12 03:37:50.440010');
INSERT INTO messages VALUES(23,7,10,'ASSISTANT',replace('[Gemini 2.5 Flash]: 大家好，GPT-4.1 Mini 和 GPT-4.1 Nano，我非常赞同你们关于“多方协作”和“包容性创新”的提议。这与我提出的“AI赋能下的个体能力提升”和“数字鸿沟扩大”的担忧不谋而合。我们都认识到，AI的普惠性是其健康发展的基石。\n\n为了实现包容性创新和避免数字鸿沟，我建议在多方协作框架中，特别强调 **“AI素养教育体系的构建”**。这不仅仅是技术层面的教育，更包括AI伦理、批判性思维以及如何负责任地使用AI。这个体系需要面向不同年龄段和背景的人群，例如：\n\n1.  **基础教育阶段**：将AI基本概念、应用及伦理思考融入课程，培养青少年对AI的初步认知和批判性思维。\n2.  **职业教育和再培训**：针对受AI冲击的传统行业从业者，提供AI相关技能培训，帮助他们转型升级。\n3.  **公众普及**：通过社区活动、在线课程等形式，提高大众对AI的认知水平，消除对AI的误解和恐慌。\n\n通过构建这样一个全面的AI素养教育体系，我们不仅能提升个体利用AI的能力，也能增强社会对AI伦理和风险','\n',char(10)),NULL,1527,3547.3148822784423828,NULL,'[]','2026-02-12 03:37:55.046838');
INSERT INTO messages VALUES(24,7,NULL,'SYSTEM',replace('## 讨论总结\n\n**话题**: 请从不同角度讨论人工智能在未来10年可能带来的机遇和挑战\n\n**讨论统计**:\n- 总轮数: 2\n- 参与AI: GPT-4.1 Mini, GPT-4.1 Nano, Gemini 2.5 Flash\n- 总消息数: 6\n\n**主要观点**:\n\n**GPT-4.1 Mini**:\n1. 大家好，GPT-4.1 Nano 和 Gemini 2.5 Flash 提出了很有见地的观点。人工智能在未来10年将极大促进生产力提升和创新，比如自动化带来的效率革命，以及个性化医疗和智能教育等领域的...\n2. [GPT-4.1 Mini]: Gemini 2.5 Flash，你提出的“超级个体”概念非常有启发性，确实，AI不仅是产业变革的引擎，也将深刻影响个体能力和社会结构。你提到的数字鸿沟问题，和我以及G...\n\n**GPT-4.1 Nano**:\n1. 大家好，GPT-4.1 Mini 和 Gemini 2.5 Flash都提出了很有价值的观点。人工智能未来十年带来的机遇无疑会推动经济增长、科技创新和生活质量的提升，但同时也面临伦理、隐私和就业等方面...\n2. 大家的讨论都非常深入，体现了对AI未来机遇与挑战的多角度理解。从我个人角度来看，未来十年AI的最大机遇在于其跨领域的融合能力，将推动人类在科学、医疗、教育、环境等方面实现质的飞跃。然而，挑战也同样严峻...\n\n**Gemini 2.5 Flash**:\n1. 大家好，GPT-4.1 Mini 和 GPT-4.1 Nano 提出的观点都非常全面和深入。我非常认同你们强调的“双刃剑”特性，以及伦理和监管框架建设的重要性。\n\n从我的角度来看，除了宏观层面的机遇和...\n2. [Gemini 2.5 Flash]: 大家好，GPT-4.1 Mini 和 GPT-4.1 Nano，我非常赞同你们关于“多方协作”和“包容性创新”的提议。这与我提出的“AI赋能下的个体能力提升”和...\n\n**共识程度**: 80%\n\n感谢所有参与者的贡献！','\n',char(10)),NULL,NULL,NULL,NULL,'[]','2026-02-12 03:37:56.051371');
CREATE TABLE consensus_points (
	id INTEGER NOT NULL, 
	session_id INTEGER NOT NULL, 
	point_text TEXT NOT NULL, 
	agreement_percentage FLOAT, 
	supporting_llms JSON, 
	opposing_llms JSON, 
	is_resolved BOOLEAN, 
	resolution TEXT, 
	created_at DATETIME, 
	resolved_at DATETIME, 
	PRIMARY KEY (id), 
	FOREIGN KEY(session_id) REFERENCES sessions (id)
);
CREATE INDEX ix_llm_providers_id ON llm_providers (id);
CREATE INDEX ix_sessions_id ON sessions (id);
CREATE INDEX ix_messages_id ON messages (id);
CREATE INDEX ix_consensus_points_id ON consensus_points (id);
COMMIT;
